Date,Open,High,Low,Close,Volume,ret_1d,is_outlier,vol_20d,market_regime
2015-08-24,261.11000724297213,264.3513783456056,242.6972388447073,246.208740234375,2071080,-0.0881531309524428,0,0.0254931264403171,crash
2015-08-25,250.6656083482051,253.1866870428416,231.1273927211093,246.1637115478516,3664616,-0.0001829049796997,0,0.0255003182666918,crash
2015-08-26,246.25370002767164,252.10616456215013,244.99317470033915,247.64927673339844,2052224,0.006016729824374,0,0.0254867284999412,crash
2015-08-27,253.3666563942138,259.08406879445164,250.7555626733441,256.1578369140625,2427487,0.0337802664252864,0,0.0267231491913867,crash
2015-08-28,256.60802847509,259.2641576555242,248.5046170495609,252.3762359619141,2725408,-0.0148728309918837,0,0.0268606403425692,crash
2015-08-31,252.5563462594646,254.5371913387303,244.18283133165767,245.8485107421875,1898280,-0.0262054376916935,0,0.0273667732474706,crash
2015-09-01,246.2537278390245,248.189537754346,241.52673671962825,243.19244384765625,2407723,-0.0108624563484251,0,0.0273565238142282,crash
2015-09-02,245.71349189094627,255.7527150354772,245.2633022658337,252.24124145507807,2279831,0.0365328570424017,0,0.0262827620794333,crash
2015-09-03,255.7076974835683,257.4184124994234,250.6205604058703,256.6981201171875,1573375,0.0175148276362229,0,0.0266249451348606,crash
2015-09-04,253.1867069260717,260.43475035288446,252.151248598756,257.7336120605469,2082650,0.0040257755386994,0,0.0266652131922613,crash
2015-09-07,256.6080940329211,257.95866294888384,248.50468053714465,249.40505981445312,1669030,-0.0328482191322736,0,0.0273955594873022,crash
2015-09-08,248.9998803130997,252.10619983777323,244.9932089806865,247.15411376953125,1201253,-0.0090662365454061,0,0.0272423949505347,crash
2015-09-09,248.234521812608,251.0707104015996,246.3437202608173,247.78433227539065,1113157,0.0025466554538242,0,0.0272862129804716,crash
2015-09-10,245.8035176552207,253.41173276407724,241.9769061166321,252.01612854003903,1373008,0.0169343477089389,0,0.0273388974426197,crash
2015-09-11,254.8073644398941,255.97784664247507,252.55641599077845,253.7268981933593,690493,0.0067653970025478,0,0.0272911471261212,crash
2015-09-14,254.807292173352,255.7526792628977,252.24120617365463,253.6368103027344,419284,-0.0003551215432358,0,0.0263929537896834,crash
2015-09-15,252.871514321686,256.6080826614529,252.331281283762,254.1770477294922,553832,0.0021276994395558,0,0.0264075395795181,crash
2015-09-16,255.70771245733363,256.56308375404666,245.35335086135004,246.61387634277344,2462779,-0.0302072027061832,0,0.0268727476075969,crash
2015-09-18,248.0094325129386,250.7555777595652,242.7872172796272,247.829345703125,3991475,0.0049165273363689,0,0.0269293146790212,crash
2015-09-21,248.5046480116274,252.4213028507672,246.34374352439588,251.25079345703125,2478500,0.0137112302707951,0,0.0271748682059158,crash
2015-09-22,252.19621625439825,252.961544060284,246.34375152775428,250.26040649414065,2699724,-0.0039496156833411,0,0.0184856885490511,crash
2015-09-23,245.84847492620952,250.62050011200404,245.84847492620952,248.3695526123047,1033941,-0.0075842332009177,0,0.0185805809193125,crash
2015-09-24,248.9548278230147,249.45002535033225,246.1636470427217,247.46920776367188,2438025,-0.0036316073292521,0,0.0185535668510468,crash
2015-09-28,249.1349800632179,249.1349800632179,246.0286602782608,247.1991424560547,682398,-0.0010919046441095,0,0.0167602410682267,crash
2015-09-29,246.34376553656725,247.82938578695035,244.8581452861842,247.3791961669922,1076987,0.0007281100073788,0,0.0164795026632004,crash
2015-09-30,250.3053815537605,250.3053815537605,247.4241575377258,248.504623413086,2843891,0.0045390840916628,0,0.0154033625060172,crash
2016-01-01,250.0673243385786,252.28349485298327,249.43411698865253,250.02207946777344,124367,-0.0019879592566764,0,0.0119577822789576,crash
2016-01-04,249.8864027489406,254.1830920269767,249.20797812609285,250.474365234375,554107,0.0018073490611394,0,0.0111204397084055,crash
2016-01-05,250.47435727594467,252.8262347481236,247.7606588707769,249.6150360107422,629235,-0.0034367057861421,0,0.0105219612346088,crash
2016-01-06,249.9315993569616,254.09260888753352,248.1224671789013,249.5697784423828,750275,-0.0001813259024432,0,0.0104775246573803,crash
2016-01-07,248.7556805784409,248.7556805784409,240.56936831419893,242.15235900878903,910959,-0.0301714384724993,0,0.0117630224370747,crash
2016-01-08,243.10216108529383,245.95153903372483,242.4237364497069,243.3735198974609,579211,0.0050302713684606,0,0.0118205087555231,crash
2016-01-11,241.51919701769847,242.01669743016043,236.67976189350043,237.99139404296875,1259036,-0.0223628685676811,0,0.0127915079013704,crash
2016-01-12,238.8055029336504,238.8055029336504,229.03618414402928,230.57394409179688,1520863,-0.0316629038796731,0,0.0144682259949795,crash
2016-01-13,231.43324820759733,233.287597718618,225.236964740881,232.3378143310547,1266564,0.0076207991859549,0,0.0132553927168652,crash
2016-01-14,231.3879755451314,236.81535750763112,228.1315325650504,235.0062255859375,1136944,0.0114195968076469,0,0.0135031766375853,crash
2016-01-15,233.92085169067929,236.36316414790824,225.6892928048196,226.41294860839844,390418,-0.0372514674547739,0,0.0145261151517686,crash
2016-01-18,225.68926158259617,227.9506770293156,221.61871377850125,223.69921875,813644,-0.0120581621040862,0,0.0146166258447723,crash
2016-01-19,223.6992080072166,229.7597983528579,222.97555233850187,225.73448181152344,852044,0.0090570732536443,0,0.0144162045852564,crash
2016-01-20,224.3323966038741,227.8601989326597,223.78965141363776,225.46310424804688,948030,-0.0012029213124593,0,0.0143389554359606,crash
2016-01-21,225.6892603384329,227.4983926858351,216.146084445369,217.45770263671875,1598807,-0.0361521670495372,0,0.0156558563313355,crash
2016-01-22,218.2718496958944,221.70920437665384,216.19134445733584,217.9552459716797,1104880,0.0022853870244627,0,0.0157951923676552,crash
2016-01-25,218.90504254581305,219.312094616476,213.79424851980684,214.6083526611328,1288751,-0.0154749965667155,0,0.0157655307521602,crash
2016-01-27,213.4776341655649,215.01539402403705,209.4070860564757,214.2465209960937,2994537,-0.0016874321506996,0,0.0157164432752358,crash
2016-01-28,213.47762478744224,221.6187206479803,213.47762478744224,220.26187133789065,2276163,0.0276898434531087,0,0.0176120985038294,crash
2016-01-29,222.3423847193378,228.53865518643548,219.945275899988,226.72952270507807,1975624,0.0289406143703878,0,0.0190889422781435,crash
2016-02-01,226.95564590465256,228.4029572936859,224.37764060882887,227.09133911132807,1161891,0.0015945343784462,0,0.0191353370895213,crash
2016-02-02,227.00087477331857,228.31249294296336,216.64359501635207,218.13612365722656,1141536,-0.040233023124335,0,0.0206215344087435,crash
2016-02-03,217.4124972766184,224.1062818075557,215.69381317091248,220.2166442871093,1841938,0.0094925202011832,0,0.0209364638023874,crash
2016-02-04,222.0709857072821,224.6942219726075,221.5282405063122,223.6539764404297,933205,0.0154883009009223,0,0.0214627040084686,crash
2016-02-05,222.7041815175631,227.9506679044522,222.61373318486565,227.3174743652344,570371,0.0162474964173524,0,0.0211599984178534,crash
2016-02-08,226.32246036012344,229.0813900291853,225.55358737207985,227.0008850097656,1355234,-0.0013936896899728,0,0.0210777115271674,crash
2016-02-09,226.1415288345505,227.4531469412742,224.061024008756,225.46310424804688,562650,-0.0067973881646032,0,0.0206264065904807,crash
2016-02-10,225.2369753448367,225.68925842785848,217.63862507110483,219.7191162109375,2019507,-0.0258065419066602,0,0.0202314471579294,crash
2016-02-11,220.2618642431596,222.4328175483417,214.38218408882472,216.3269958496093,814826,-0.0155588535112016,0,0.0202903634202317,crash
2016-02-12,218.27182428490443,225.5535848708309,215.2867530990644,224.1515045166016,1768414,0.0355310500634136,0,0.0218817602229609,crash
2016-02-15,224.1515003840325,227.6793029369765,218.09090978669,225.14651489257807,587206,0.0044291849046382,0,0.0203128249067092,crash
2016-02-16,223.56354780696907,228.3125207180434,218.9502681177627,221.70919799804688,903440,-0.0153847633300214,0,0.0204276369377432,crash
2016-02-17,220.12621600056505,220.62371642660247,216.19134704996003,218.40753173828125,708900,-0.015003874993539,0,0.0205466319167696,crash
2016-02-18,220.6237165342539,222.02579706921028,219.08595657441865,220.488037109375,625392,0.0094807106856418,0,0.0206971901431121,crash
2016-02-19,220.6689062510221,221.79961392171043,217.819528441921,221.07595825195312,641453,0.0026629050202,0,0.0189882092481582,crash
2016-02-22,221.0759936810402,225.8701977335828,219.85483748254765,224.87518310546875,704507,0.0170391615617067,0,0.019331416212988,crash
2016-02-23,226.1415669480185,226.9556710679971,214.4726676145352,216.1008758544922,938836,-0.0398001900146685,0,0.0211403748100517,crash
2016-02-24,217.05064990374447,217.8195366698902,211.8946254911574,213.79421997070312,793064,-0.01073135303346,0,0.0212824196397384,crash
2016-02-25,214.78925407699973,218.63366065337144,211.21622013712445,215.8295135498047,1273986,0.0094748434335478,0,0.020401873968944,crash
2016-02-26,218.1361268610061,219.53820718815024,215.28674894018448,218.2718200683593,649723,0.0112523602157805,0,0.0193933632008189,crash
2016-02-29,219.62867533527023,219.62867533527023,212.57305623997948,214.5178680419922,1241678,-0.0173481313321985,0,0.0196741996248915,crash
2016-03-01,214.5178515571812,220.1713898525168,214.38217215912653,218.8597717285156,1854784,0.0200381771936353,0,0.018207734612115,crash
2016-03-02,219.8096146721948,223.2469694317012,218.9955105092584,220.30712890625,2676742,0.0065914002893316,0,0.0181409525320226,crash
2016-03-03,221.39259428294088,223.11126467258103,218.0909329229426,221.70919799804688,2382139,0.0063439909740221,0,0.017843386664695,crash
2016-03-04,219.40251886479112,228.85523221761045,219.40251886479112,225.73448181152344,863628,0.0179928450922908,0,0.0179333206914271,crash
2016-03-08,224.3324378155258,227.31750930503992,222.47807417790443,224.87518310546875,814441,-0.0038139428182812,0,0.0179488973803633,crash
2016-03-09,223.24695419915065,223.4278646893941,218.36228814706183,222.3876190185547,1948003,-0.0111236155786098,0,0.0180549157320836,crash
2016-03-10,222.5232736707125,224.2419438406316,220.80460350079355,222.47804260253903,823429,0.0004065208580055,0,0.0170594221090608,crash
2016-03-11,222.52330420412147,227.04613559038413,220.8046337983761,226.00588989257807,781595,0.0157326486000686,0,0.0169315763978782,crash
2016-03-14,228.2220468207028,230.21208962868536,225.68925879118663,227.09133911132807,1255475,0.0047912510858107,0,0.0150345024097789,crash
2016-03-15,229.48845833197515,229.48845833197515,222.38762144373527,223.7896881103516,1913003,-0.0146455930350635,0,0.0153832222885591,crash
2016-03-16,222.34235830776697,225.96062284067585,220.84981590639177,223.6539764404297,2569912,-0.0006066089871659,0,0.0149700002581156,crash
2016-03-17,224.1515215100583,226.1415645172933,222.79467212295447,224.2872009277344,1021608,0.0028272681374321,0,0.0145264262017573,crash
2016-03-18,225.2370093361045,226.9556797899237,222.1614894284533,225.77975463867188,1033786,0.006632609500051,0,0.0144560896583768,crash
2016-03-21,227.046129832216,229.66936644868545,226.1415635779044,228.9457244873047,612911,0.0139249773848906,0,0.0147333393993939,crash
2016-03-22,228.13159779206325,231.3880417032213,224.0158187329172,225.824951171875,1496853,-0.0137248176754258,0,0.0146587123947305,crash
2016-03-23,223.6087814722348,226.63908402878585,223.6087814722348,225.1917724609375,519794,-0.002807785581953,0,0.0112915776715198,crash
2016-03-28,226.0963478045653,226.0963478045653,218.90504835667136,220.30712890625,1264277,-0.0219297479560722,0,0.0122003489618194,crash
2016-03-29,220.3071175209268,222.3423916256729,219.5834617453888,221.70919799804688,614581,0.0063439909740221,0,0.0121124131587753,crash
2016-03-30,222.3875866848051,225.7344785767429,222.34235561817408,223.20169067382807,2079588,0.0067092009311959,0,0.0119584307661726,crash
2016-03-31,223.4730810536769,227.76977047643555,222.88510474585385,226.05108642578125,2028211,0.0126852146774849,0,0.0113898749754972,crash
2020-02-20,479.5325760303127,487.0694338068206,473.92702655870266,476.8475646972656,2543540,-0.0037468100087467,0,0.0149731233773118,crash
2020-02-24,474.39808950225216,483.6778803231295,469.6404594375702,471.9957275390625,3415189,-0.0102269352288519,0,0.0144206189181768,crash
2020-02-25,474.3509719139454,480.00361507478686,470.2057060128277,471.28912353515625,2111814,-0.0014981776401228,0,0.0140065321653496,crash
2020-02-26,471.9957032199495,477.64834637228415,468.4628012497402,472.8907165527344,2775398,0.0033925624879982,0,0.0137954277085794,crash
2020-02-27,473.6914824578989,478.7788842719565,472.3725381453331,477.0359802246094,3265481,0.0087275997154518,0,0.0138473477142814,crash
2020-02-28,471.9957141288511,475.717049123812,463.5167492043808,467.37939453125,4192788,-0.020450582449917,0,0.0132590511003546,crash
2020-03-02,474.6336223977801,483.9605071999367,465.118362146419,470.3470458984375,3441005,0.0063294819188621,0,0.0108182889602341,crash
2020-03-03,473.8799535115967,483.3010261460221,471.33625239996906,477.27154541015625,3579242,0.0146147887479104,0,0.011274320424255,crash
2020-03-04,481.4168377644333,486.9752939212844,477.271571330327,484.6200256347656,3354621,0.0152795250781396,0,0.0114296487715699,crash
2020-03-05,489.8957553258019,494.6062914347038,484.7612594667664,487.9644470214844,3594544,0.0068774171560699,0,0.0110209844825177,crash
2020-03-06,481.4167785532784,483.5365197504308,467.4736035123413,471.5717468261719,2903801,-0.0341712910559985,0,0.0134933150152882,crash
2020-03-09,463.5168246508512,466.296052884356,450.42153799726447,455.1791687011719,2176031,-0.0353801388727577,0,0.0153534200438263,crash
2020-03-11,452.0230308595671,465.7307081065984,448.86699468577206,459.7483215332031,2848963,0.0099880938465553,0,0.0156275266604299,crash
2020-03-12,449.85623556071096,450.3272892105128,425.54987873127175,428.8943481445313,2856276,-0.0694685987767131,0,0.0216540637869028,crash
2020-03-13,400.3955399095214,445.3811564522971,378.44445475128384,424.5134887695313,4078543,-0.0102668329650947,0,0.0207166986348909,crash
2020-03-16,413.96195987042,428.61174627294633,401.7145644378582,406.5193176269531,3101283,-0.0433123312146896,0,0.0222103563610925,crash
2020-03-17,406.5192337677007,424.7961066620156,399.8302672765137,405.48291015625,2506801,-0.0025527221429806,0,0.0222253020331671,crash
2020-03-18,409.8166092632392,411.9363503456352,388.2423613303516,390.5505065917969,2896377,-0.0375214283737683,0,0.0231801970582443,crash
2020-03-19,377.266885232608,403.6458900134887,367.8929059619259,394.6016540527344,3097171,0.0103194861202737,0,0.0233098456258572,crash
2020-03-20,394.74294144945,426.491967572328,390.9745124141331,418.6253662109375,4011074,0.0590996206089142,0,0.0277241222852697,crash
2020-03-23,384.3797442487405,403.2218885746592,363.70047935071256,373.1215515136719,2662357,-0.1150721639789571,0,0.0367927441214521,crash
2020-03-24,369.44727214204096,395.3081220413028,368.3638547898829,377.9733581542969,4911904,0.0129194701326476,0,0.0372217489745332,crash
2020-03-25,380.28150758350057,388.195201107466,368.4109529221397,381.7417907714844,4409305,0.0099207276046984,0,0.0374636924118165,crash
2020-03-26,390.974591851137,408.8275395335903,377.3611276947804,401.2906799316406,5838526,0.0499416126454308,0,0.0397507145684907,crash
2020-03-27,415.9403678948152,419.8030135280367,393.8008466138907,398.5113830566406,3674758,-0.0069499897307663,0,0.0395532398965016,crash
2020-03-30,390.97453825343376,409.72246819301,380.705574203691,402.7979736328125,3175357,0.0106990675469518,0,0.0396913687584606,crash
2020-03-31,410.6644902185033,429.1768894827547,405.5300236354848,423.9953002929688,3302637,0.0512872408271256,0,0.0417325436717044,crash
2024-09-02,624.9188527482527,631.630544671218,621.6365339336304,623.7921142578125,745420,-0.0007850963363917,0,0.013344693301043,crash
2024-09-03,623.7921071009474,635.4027580966022,622.4203578733485,625.310791015625,1775357,0.0024316291311246,0,0.0131650821124178,crash
2024-09-04,625.1638021626859,638.3911534528088,621.3915814564938,636.9214477539062,3104663,0.018397540274373,0,0.013613751055531,crash
2024-09-05,641.7715383443816,641.7715383443816,629.6709844049882,631.7775268554688,2131132,-0.0081090143341704,0,0.0133438941798474,crash
2024-09-06,630.9936746591399,640.4977838932286,630.3567782404326,631.3856201171875,1910995,-0.0006205164420691,0,0.0133247324535997,crash
2024-09-09,631.9734504662853,651.4715699908098,631.0426248965757,648.9730224609375,6213572,0.0274743467193676,0,0.0135677519660276,crash
2024-09-10,655.8316860423304,656.3706260042525,648.9730590613141,651.8145141601562,4126339,0.0043688859846655,0,0.0134112864502815,crash
2024-09-11,654.5089932849379,657.9383068725086,648.6301699919594,650.4918212890625,3134456,-0.0020313090551731,0,0.0118935417681712,crash
2024-09-12,650.5407538707093,655.978653074611,649.6099282874789,651.3245849609375,2222824,0.0012793874489034,0,0.0118082520458501,crash
2024-09-13,652.2064977800503,654.215083838649,638.0972975297987,647.5524291992188,2559794,-0.0058083503298158,0,0.011331292845609,crash
2024-09-16,646.6705138766273,654.3619498555321,644.9558572110453,647.9932250976562,806885,0.0006804791695067,0,0.0113295466726511,crash
2024-09-17,647.9932827512772,658.428218165519,643.1433013076701,646.8175659179688,1793296,-0.0018159556761894,0,0.0113833901723007,crash
2024-09-18,646.6705323507767,648.9240692151395,637.4113741316219,641.1836547851562,1465661,-0.0087483567161799,0,0.0110900335608166,crash
2024-09-19,641.7715254059866,653.3331989413539,641.1836670136302,651.275634765625,1768324,0.0156170258878871,0,0.0108805555208823,crash
2024-09-20,655.4397423598255,656.4195461275201,648.7280506696314,654.0679931640625,1798471,0.0042783564389399,0,0.0108062380855262,crash
2024-09-23,654.5089897248021,657.9383032937195,643.0452724053532,647.6993408203125,1684518,-0.0097847026712871,0,0.0104505499121043,crash
2024-09-24,646.6705802625596,652.5494037194919,639.2240944714391,642.6043701171875,1881683,-0.0078973611256056,0,0.0098107130830818,crash
2024-09-25,637.8522660104852,640.7426991456825,609.5849506466797,614.3369750976562,7092888,-0.0449856503608172,0,0.0141996101065524,crash
2024-09-26,614.3859766646773,615.7087477102572,608.0662300312966,613.1122436523438,2581456,-0.0019955723349571,0,0.0141983166898488,crash
2024-09-27,615.3168617477538,621.9795164431241,609.4380382278708,620.2158813476562,4628215,0.0115195885119003,0,0.0142965263413044,crash
2024-09-30,620.2158221436363,622.9592608972038,610.7606912973899,612.5733642578125,2475507,-0.0123988995289741,0,0.0145497436152541,crash
2024-10-01,613.3572232888857,617.0314878053927,601.5995768360636,606.4985961914062,1095384,-0.0099662998507907,0,0.0146636577404667,crash
2024-10-03,568.6291734740821,583.7671557968672,559.4680308651475,568.4822387695312,18729275,-0.0647323433427491,0,0.0196519458424814,crash
2024-10-04,572.9403084554348,573.1852594209993,559.5169835820021,560.8887329101562,4745480,-0.013447521639831,0,0.0197227481790934,crash
2024-10-07,563.3872071647166,569.4130246927749,550.6497572636014,557.9003295898438,4723935,-0.0053422231727733,0,0.0196838076888352,crash
2024-10-08,559.9579337745665,561.0847321904698,553.2952791564685,555.8917236328125,3261216,-0.0036067920016247,0,0.018045080569935,crash
2024-10-09,556.2836660931309,560.3988544474475,551.8255702936565,553.63818359375,3580212,-0.0040621584388373,0,0.017844660332465,crash
2024-10-10,555.5487796011694,564.7589596566431,552.805340798203,560.1538696289062,2379978,0.0117001380025572,0,0.0183499742688278,crash
2024-10-11,562.897353157972,563.3382768833449,557.7044043321554,559.321044921875,1276108,-0.0014878848107242,0,0.0182908204667747,crash
2024-10-14,559.321004110961,563.5342085099003,554.5689793572491,555.8427124023438,1902352,-0.0062382655047716,0,0.0182888389809502,crash
2024-10-15,556.5285452126204,561.3296076398467,555.8426706083771,559.4679565429688,1687923,0.0065008916509814,0,0.0184735112696055,crash
2024-10-16,561.3296396190277,567.6493264973305,558.9780864997895,566.6205444335938,2647660,0.0127035913701005,0,0.0189805549324663,crash
2024-10-17,566.3266373929592,567.4043977299806,560.4478141674268,560.9866943359375,1838328,-0.0099926584074898,0,0.01898993990444,crash
2024-10-18,559.957880777003,560.545739145541,553.5401777434665,559.8599243164062,2159572,-0.0020105701892676,0,0.0182969872435074,crash
2024-10-21,559.467987104202,563.3872024254223,554.6669244147151,556.7245483398438,1511359,-0.0056160269000509,0,0.0180926077674973,crash
2024-10-22,554.1770133662396,560.2028307442971,544.7709206713234,547.8082885742188,1510177,-0.0161452030187714,0,0.0181802632654649,crash
2024-10-23,546.7305681906447,551.531631151305,544.8199386531377,547.4164428710938,1233395,-0.0007155530889573,0,0.018260942533971,crash
2024-10-24,544.5749994342365,546.7305799896748,524.4400411101674,530.0739135742188,3076408,-0.0321933778865437,0,0.0170839815916159,crash
2024-10-25,534.2870553620608,534.2870553620608,525.5177984858535,527.8203735351562,1506493,-0.0042604322099881,0,0.0170539172494517,crash
2024-10-28,529.0940705289489,547.2204414637371,526.2526154884496,542.5173950195312,1750115,0.0274641252660945,0,0.018315348794301,crash
2024-10-29,542.5174284687047,542.8113576766249,522.0884813822368,525.0278930664062,5088807,-0.0327687586220974,0,0.0191946468747109,crash
2024-10-30,528.1142788205058,540.7537724943454,525.1748672500763,535.6098022460938,5828617,0.0199545242493037,0,0.0201517649255347,crash
2024-10-31,527.1834866085676,537.8633732456714,522.2354887785735,529.0941162109375,3001455,-0.0122395856040897,0,0.0148501324864023,crash
2024-11-01,530.7597200042103,534.140055008366,529.4369490186831,531.592529296875,159703,0.0047109440231425,0,0.0147706278604529,crash
2024-11-04,534.042113819956,534.3850810729234,520.9127771934973,524.1461181640625,2308784,-0.0141067765916131,0,0.0149822012645463,crash
2024-11-05,524.244007387028,526.0076422536057,518.0222772236217,524.0480346679688,2117262,-0.0001871475739774,0,0.0149958662013828,crash
2024-11-06,525.1748783990962,532.4254510144052,524.5379819576565,528.7021484375,2368331,0.008841877522828,0,0.0152213789491295,crash
2024-11-07,530.4167713724613,533.160269896668,521.5495588064848,523.7051391601562,1695158,-0.009496412443112,0,0.0149301079786695,crash
2024-11-08,524.2961007568597,526.9060331902634,520.6028341690775,523.458984375,1458407,-0.0004701360257817,0,0.0149385715609928,crash
2024-11-11,521.9816851330852,523.3605287234245,512.4776549345423,514.8413696289062,1589666,-0.0165998453095479,0,0.0152223300651129,crash
2024-11-12,514.8905430353054,516.2201549426948,501.7917708528614,502.7766418457031,4775306,-0.0237128135949031,0,0.015636567664499,crash
2024-11-13,503.6138039199943,506.4206923483796,499.6250582409589,503.1213684082031,2253481,0.0006854105932845,0,0.015129279582177,crash
2024-11-14,503.1213591321039,506.1744652600944,495.0454048652748,500.4129638671875,2083472,-0.0053977448101818,0,0.0150994041244806,crash
2024-11-18,501.3978439082823,501.8902794198685,491.4506405630646,500.8069152832031,3329177,0.0007869428974585,0,0.0151483871650028,crash
2024-11-19,503.2691014993486,506.7161501397552,498.49247094360953,500.511474609375,2126926,-0.0005901033784727,0,0.0151892733315492,crash
2024-11-21,500.8069060057387,501.69328389899806,494.7991868645041,498.0985107421875,1771693,-0.0048326545873198,0,0.0149741278358329,crash
2024-11-22,498.9848936115724,507.3070356526773,496.7689338283864,505.2388305664063,1050913,0.0142333790954127,0,0.0155485226922592,crash
2024-11-25,508.5381197679363,520.1596457250453,507.4055541783914,513.6102294921875,4146364,0.0164334201199514,0,0.0146873967255014,crash
2024-11-26,516.072425677916,521.8831888667027,511.5420429323169,517.4019775390625,894410,0.0073554224017371,0,0.0148049200180589,crash
2024-11-27,512.0837059336462,521.1937629942857,511.59127041685497,519.5194702148438,1722809,0.004084196780381,0,0.0132843177125582,crash
2024-11-28,521.8339048126719,526.2658245632772,516.0724331815886,518.0421752929688,1554564,-0.0028476301654993,0,0.0111736262499285,crash
2024-11-29,510.409428185771,521.6369823439678,510.409428185771,519.1748046875,2225080,0.0021839786015656,0,0.0101024814237231,crash
2024-12-02,514.5951554235309,520.0119465332523,512.8223994463381,515.9739990234375,1510906,-0.0061842623086505,0,0.0098531810742741,crash
2024-12-03,515.973960110974,521.0460098823262,513.1178100601778,514.6443481445312,3691025,-0.0025802987503338,0,0.0097552062422429,crash
2024-12-04,516.0724212266456,519.2732520834902,512.1329370951445,514.8905639648438,2515588,0.0004783049551999,0,0.0093075117885829,crash
2024-12-05,517.0572778426584,519.3224691327608,508.8336289921489,515.2352905273438,2760858,0.0006692902112197,0,0.0093128881510829,crash
2024-12-06,517.0572844901368,517.8944008107992,512.3791471542737,515.8754272460938,1663402,0.0012416451307446,0,0.0090479796724283,crash
2024-12-09,511.14806170180367,512.8715859946325,495.587111537472,499.181884765625,6086175,-0.0328947884029631,0,0.011384425278848,crash
2024-12-10,500.2652359892833,503.95850223571705,496.7196943815314,499.2803649902344,3425754,0.0001972637923017,0,0.0113913494159999,crash
2024-12-11,499.32959782413,503.5152995810384,497.4583489322171,500.6591796875,3602452,0.0027577978658408,0,0.0109312508727268,crash
2024-12-12,502.2842177106522,504.25395974089,498.0985158963968,498.9848937988281,3491848,-0.0033497671794737,0,0.0096120100020544,crash
2024-12-13,498.9848889269412,506.5191461078639,491.94306724877,505.0418395996094,2205228,0.012065454190683,0,0.0100070213092486,crash
2024-12-16,506.2729324621689,508.1934429608256,501.34857739471903,502.2349853515625,1041908,-0.0055731680579489,0,0.0100122527100175,crash
2024-12-17,501.2993564317306,502.5796767539002,496.473494375096,497.7538146972656,2821249,-0.0089625016808394,0,0.0102164903253708,crash
2024-12-18,500.2652538681227,501.25012490236975,494.84846317976417,497.7538146972656,2300294,0.0,0,0.0102164780036421,crash
2024-12-19,495.3901051713411,497.7537895228122,491.94305672581487,496.3257446289063,1583630,-0.0028731524300145,0,0.0101798126188455,crash
2024-12-20,496.3750049643062,500.6099384208167,492.4355207979228,494.9469299316406,3228278,-0.0027819098051908,0,0.0096068791004765,crash
2024-12-23,495.0946677325584,503.2690850764191,493.3218818846725,501.7917785644531,1777848,0.0137347053472787,0,0.009364594382004,crash
2024-12-24,504.2539589068657,508.1442114325024,500.0682570995333,502.2349853515625,3207041,0.0008828585687661,0,0.0091643809174211,crash
2024-12-26,502.7274054264617,503.7615079365319,496.424207088908,497.9507751464844,2088931,-0.0085668814260033,0,0.0091961104839586,crash
2024-12-27,498.8371957742225,501.9887952131144,496.42424963608215,499.4773559570313,1299653,0.0030610365898864,0,0.0092661534599994,crash
2024-12-30,499.329603373562,502.0872301864099,495.4886124357102,497.6060791015625,4298784,-0.0037535054473405,0,0.0092259880800683,crash
2024-12-31,497.6552971453944,501.2993318155202,494.7006841877391,499.32958984375,812765,0.003457620211499,0,0.0092543939106079,crash
2025-01-01,499.2311333316226,504.74641726806914,498.8371909195649,503.2198791503906,1065540,0.007760831665891,0,0.0094850755533937,crash
2025-01-02,503.21987217176087,507.7010234015471,500.0682728072464,505.5835266113281,1720007,0.0046860503696306,0,0.00956874697411,crash
2025-01-03,507.2086144101567,520.9968097533454,506.2729748466595,516.9588623046875,3814344,0.0222500408909507,0,0.0108829975844413,crash
2025-01-06,514.398108509538,514.595094730829,493.5188614554213,497.2121276855469,5026479,-0.0389465500271111,0,0.0139516307062639,crash
2025-01-07,500.314464972016,504.9926021937032,495.4886031123984,501.151611328125,2248836,0.0078919214216748,0,0.0120211276625656,crash
2025-01-08,502.0872255413274,507.0608120864471,497.6553060257594,505.97747802734375,1666424,0.0095834857426337,0,0.0122029881866599,crash
2025-01-09,506.2237120194807,522.868056556653,503.8107659612386,513.2655639648438,4084746,0.0143012213045947,0,0.0125744552307995,crash
2025-01-10,511.14806186576885,515.038314436039,506.2729382707093,510.0647277832031,2316135,-0.0062557448870554,0,0.012646903627079,crash
2025-01-13,508.1441988315154,511.6897103474551,501.7917689296817,503.0228576660156,2857732,-0.0139020231438014,0,0.0127937980685301,crash
2025-01-14,504.4509496414443,512.9700479172352,502.4319460122142,504.7463989257813,2539143,0.003420511052365,0,0.0127530018307045,crash
2025-01-15,505.23881132642,508.6366282202643,502.4811846124863,507.7009887695313,1959656,0.0058365467027012,0,0.0126190093051864,crash
2025-01-16,510.163186549086,515.7769633655103,507.0608188023957,514.4966430664062,2718298,0.0132963611022534,0,0.0129110162786295,crash
2025-01-17,513.6102791768184,523.8036710275693,508.1934881212623,518.0914306640625,2943339,0.0069627031568746,0,0.0129168171395539,crash
2025-01-20,520.6521295587678,520.9968103980696,513.0686100882773,513.708740234375,1536752,-0.0084952821513955,0,0.0130935082010433,crash
2025-01-21,514.1518984570778,520.8983009388121,511.6404894053507,513.364013671875,2258554,-0.0006712797591674,0,0.0127988277067499,crash
2025-01-22,513.3640194763711,516.6633133506053,509.86773937566994,512.6253662109375,1532395,-0.0014398737512033,0,0.0128118154289569,crash
2025-01-23,510.2616079581997,518.7315340758681,507.35628678605184,516.6632690429688,698448,0.0078460470820376,0,0.0126902374382394,crash
2025-01-24,516.7126086883449,519.0270315585616,510.7540908818058,513.7579956054688,1031251,-0.0056390162660306,0,0.0127950216670674,crash
2025-01-27,509.2768029379515,524.8870453629168,509.2768029379515,515.9246826171875,3023866,0.004208461995951,0,0.0127497097480133,crash
2025-01-28,517.0572967192861,520.3073591334557,514.7921053464866,517.4019775390625,2683319,0.0028593009070974,0,0.0127463358724041,crash
2025-01-29,517.0572918814167,519.5194694618044,507.7010170759435,510.26165771484375,2201858,-0.0138964433208892,0,0.0131255894923499,crash
2025-01-30,513.364015258903,531.8303467430362,511.1480554808071,525.6256713867188,3384404,0.029665659543812,0,0.0146278778099257,crash
2025-01-31,529.8606467734018,534.5880159862025,515.0875804135485,521.8339233398438,4302619,-0.0072399252982542,0,0.0139435629395261,crash
2025-02-01,525.3794842488072,543.3533812740819,514.792120247618,530.9439697265625,4921220,0.0173071145293803,0,0.0109200794520477,crash
2025-02-03,532.2242998352385,538.133525695237,522.2770669038553,526.4627685546875,3792769,-0.0084758831909983,0,0.0111669515794245,crash
2025-02-04,528.4325214313567,534.5387336352621,526.5613026040626,532.8644409179688,3275638,0.0120864455036988,0,0.0112645426493192,crash
2025-02-05,533.8001308207903,534.7850019108655,522.6218679931404,523.458984375,2811816,-0.0178083811941682,0,0.0117836144745295,crash
2025-02-06,523.458940055289,528.5802813124237,516.7125977041704,518.2391357421875,1225984,-0.0100218906443689,0,0.0119345117091895,crash
2025-02-07,521.6369574604505,521.8338835741666,512.2806828121929,519.12548828125,2097013,0.0017088547926711,0,0.0114222032469094,crash
2025-02-10,519.1254805615396,527.3491894866124,515.7277236976304,520.1103515625,1678247,0.0018953610688274,0,0.0114143256230542,crash
2025-02-11,521.8831752295002,524.1483665431086,507.897994785137,509.8677368164063,1177152,-0.0198896510960473,0,0.0123139427549462,crash
2025-02-12,510.4586580578721,519.3717291229717,507.8487858175523,517.7959594726562,2113562,0.0154299115199387,0,0.0124418294366025,crash
2025-02-13,517.5989452139402,520.7997759836442,509.4737594139223,511.9851684570313,1484585,-0.0112856072657425,0,0.0125971669231217,crash
2025-02-14,512.674614981131,516.9095484896889,509.4737840566064,512.0344848632812,1191521,9.631925740549718e-05,0,0.0124592358934017,crash
2025-02-17,510.261675447047,514.3981459481971,506.9623814193761,512.6746215820312,974964,0.0012494019971027,0,0.0124625155053194,crash
2025-02-18,512.1328927759923,512.5268651997516,506.2236670901154,507.3562927246094,1603493,-0.0104278742455985,0,0.0126748650505508,crash
2025-02-19,507.2085842082472,507.2085842082472,496.0795535091362,496.8182067871094,2715980,-0.0209893257015361,0,0.0132982332923765,crash
2025-02-20,497.3598707396556,503.2198653974544,492.5832402273168,502.6289367675781,2052520,0.0116280195317983,0,0.013603699304247,crash
2025-02-21,503.2198416596864,503.86000178857216,495.8825408012495,500.9546203613281,2057493,-0.0033366787404247,0,0.0135534107541977,crash
2025-02-24,495.9810507394316,499.3296061898844,494.9961797213056,498.0492858886719,736767,-0.0058164790857038,0,0.0135463147396952,crash
2025-02-25,497.50760897997554,504.6479542069643,496.5227379218915,503.2198791503906,1483864,0.0103281702960966,0,0.0135007121889973,crash
2025-02-27,502.4319567266339,507.2085872977987,493.9128282132933,495.6363525390625,1181893,-0.0151847124436637,0,0.0118115368708912,crash
2025-02-28,492.73098098860913,496.818219946356,483.4239674731591,485.8368835449219,5530947,-0.019969560630102,0,0.0123846631960337,crash
2025-03-03,485.5413914551029,489.0376713996195,477.6624236424441,484.310302734375,2166131,-0.0031471143597938,0,0.0113727919787689,crash
2025-03-04,478.6473325164187,481.8481634437405,472.73810618905554,476.3821411132813,2477085,-0.016505473027423,0,0.011655171243819,crash
2025-03-05,475.6926885591436,483.571656485589,475.2987461739968,480.3215942382813,1767699,0.0082355179458692,0,0.0113867962612054,crash
2025-03-06,482.4882908675236,490.21953413221576,481.3064637157991,487.5111389160156,1219415,0.0148572716787622,0,0.011816307478694,crash
2025-03-07,487.51115695108336,491.5491341612478,484.35955765147247,488.2990417480469,1913893,0.001614869405687,0,0.0117676328721282,crash
2025-03-10,487.511139518992,493.81430783695095,484.55652655221024,485.8861083984375,2526521,-0.0049537570627817,0,0.0117222642406699,crash
2025-03-11,482.5867884859147,492.92793395347,482.14358451495417,490.0225524902344,1830398,0.0084771639575418,0,0.0119659048826844,crash
2025-03-12,488.6929947924789,493.3218703885769,484.31030688676026,492.3862609863281,1450825,0.0048120762453498,0,0.011389562118193,crash
2025-03-13,492.92792030888575,496.3749687026542,491.3521207462734,493.3711242675781,1288721,0.0019981866201064,0,0.0106986225956591,crash
2025-03-17,490.8596962038795,494.8976732806283,482.6852789959236,487.2649230957031,1646821,-0.0124537132979813,0,0.0107526436491453,crash
2025-03-19,494.0113271977599,494.6514873723322,485.3937054665346,487.9543762207031,2652053,0.0014139450282586,0,0.0107732401066415,crash
2025-03-20,489.4809109796742,492.1893063623585,485.5414267866788,491.4506530761719,3651974,0.0071396237563403,0,0.010957436957679,crash
2025-03-21,492.4355183670903,500.2159935461146,490.3672831787728,499.1326293945313,2013377,0.0155103169174379,0,0.0114457512651321,crash
2025-03-24,499.7727985593581,501.3485681070479,494.60222583432255,499.5265808105469,2299229,0.0007889607033604,0,0.0104151825310695,crash
2025-03-25,499.5265891923623,504.2539580265096,497.4090924723532,501.5455627441406,2782397,0.0040336446959265,0,0.0101134330264155,crash
2025-03-26,501.2993359660554,503.2198464267833,497.4090835172488,501.151611328125,2517374,-0.0007857834777498,0,0.0100866198985323,crash
2025-03-27,499.92055200361096,507.1593602469468,496.2272855586314,505.0910949707031,1649107,0.0078301263614912,0,0.01013251554695,crash
2025-03-28,505.2388196608157,511.5912495911828,496.1779944983487,498.837158203125,1759182,-0.0124590928623771,0,0.0102733104618461,crash
2025-06-13,460.9196282782355,462.9386018071032,457.2263620260061,459.44232177734375,3850751,-0.0137316523072508,0,0.0115587489625507,crash
